frame,t_s,torso_lean_deg,l_hip_pitch_deg,l_knee_deg,l_shoulder_pitch_deg,l_elbow_deg,r_hip_pitch_deg,r_knee_deg,r_shoulder_pitch_deg,r_elbow_deg
54,1.800,165.802,282.752,58.369,128.581,9.717,261.473,79.636,51.745,91.461
56,1.867,0.261,2.950,53.580,-24.014,117.962,0.905,35.235,-39.178,84.393
57,1.900,4.569,14.775,52.125,-1.167,21.394,32.384,65.801,-4.201,13.194
58,1.933,2.684,25.309,83.946,12.051,2.622,36.181,88.915,-20.490,80.791
59,1.967,8.312,26.296,75.459,27.876,7.041,38.611,79.921,-3.836,83.232
60,2.000,4.605,22.301,70.967,17.705,12.966,32.830,76.156,-8.772,69.460
61,2.033,13.850,27.612,75.263,32.795,13.975,37.499,76.389,5.889,11.114
62,2.067,10.036,23.170,69.679,24.055,12.189,31.837,76.519,-2.640,9.862
63,2.100,13.528,26.840,68.907,31.322,10.922,37.326,74.622,5.196,1.575
64,2.133,-2.045,9.704,60.357,12.887,16.380,18.024,67.758,-20.736,46.466
65,2.167,-0.911,15.880,67.506,14.051,12.013,20.409,75.008,-12.038,38.722
66,2.200,4.103,21.176,70.399,26.464,18.373,26.850,81.946,-1.444,32.235
67,2.233,2.335,18.172,66.340,27.477,10.684,23.279,72.821,-23.696,86.586
68,2.267,-4.877,10.956,64.575,12.028,13.415,16.802,74.445,-21.075,57.808
69,2.300,1.280,16.559,66.747,17.451,10.436,22.214,73.248,-8.027,10.199
70,2.333,-2.197,11.994,63.487,13.948,11.834,18.713,66.460,-25.854,83.992
71,2.367,1.679,14.275,58.853,8.913,24.734,18.924,63.798,-19.339,80.942
72,2.400,-4.694,9.613,60.226,17.048,6.071,18.218,74.326,-36.140,91.069
73,2.433,-6.458,7.508,57.692,-25.266,132.356,14.287,72.471,-37.324,88.066
74,2.467,3.262,16.393,56.539,17.465,3.329,26.241,72.461,-3.342,15.262
75,2.500,10.720,23.023,55.651,28.190,14.052,33.360,58.554,2.954,2.018
76,2.533,7.689,19.808,49.181,20.402,1.899,27.161,56.023,-5.791,11.808
77,2.567,8.789,21.824,47.976,29.821,70.089,24.796,51.733,0.989,6.475
78,2.600,6.924,15.571,42.668,25.751,106.354,13.937,44.034,0.190,1.872
79,2.633,0.362,10.249,45.723,26.279,4.555,8.205,49.709,-19.171,92.338
80,2.667,-0.700,11.523,51.277,21.333,6.374,11.559,50.360,-20.604,75.687
81,2.700,9.989,22.139,51.676,37.978,2.658,23.164,53.227,-19.669,80.184
82,2.733,7.842,16.498,43.773,37.843,6.934,14.730,41.139,-14.634,86.543
83,2.767,0.933,10.334,38.888,10.793,156.284,8.697,37.304,-19.181,96.222
84,2.800,-2.511,10.015,51.770,12.125,33.434,12.185,49.520,-18.821,23.891
85,2.833,-12.633,-0.252,51.887,-8.990,27.275,5.962,54.601,-36.585,88.341
86,2.867,-8.446,4.385,64.304,-15.185,121.420,9.011,53.695,-26.804,45.337
87,2.900,-6.867,5.362,61.370,-10.800,152.475,10.233,53.457,-24.084,43.849
88,2.933,-4.626,11.828,56.157,17.656,113.099,18.562,53.421,-20.612,13.913
89,2.967,-3.968,12.872,57.812,9.468,141.115,19.284,54.079,-17.471,6.010
90,3.000,-0.183,18.004,62.473,3.895,17.569,23.287,54.499,-10.082,1.453
91,3.033,-0.412,17.927,64.140,2.487,25.788,23.393,58.847,-10.640,2.937
92,3.067,5.755,24.871,71.488,7.513,24.612,30.182,65.632,-4.291,0.340
93,3.100,5.699,22.674,73.808,9.801,17.715,28.786,69.701,-9.831,13.893
94,3.133,-4.666,17.502,76.392,-13.290,29.756,16.578,54.195,-16.663,1.299
95,3.167,-8.905,13.228,70.983,-24.060,25.862,12.115,43.099,-20.148,0.370
96,3.200,-3.669,17.487,87.884,-19.269,16.052,19.804,53.652,-14.879,0.154
97,3.233,-2.168,18.210,80.017,-14.869,11.317,19.979,48.063,-15.477,1.057
98,3.267,0.058,19.596,69.559,-10.590,10.687,20.118,43.643,-13.946,1.278
99,3.300,1.464,16.382,58.373,-9.463,11.521,22.751,41.848,-12.734,0.183
100,3.333,1.765,19.453,68.010,-6.883,6.331,24.783,49.436,-12.848,0.273
101,3.367,3.392,22.202,71.755,157.326,2.274,26.157,55.059,-12.091,8.774
102,3.400,10.233,22.821,63.902,13.526,3.693,29.447,51.467,-2.674,4.831
103,3.433,28.649,38.754,57.271,49.173,0.665,40.170,47.658,23.236,3.820
104,3.467,24.541,66.299,75.560,52.001,3.675,80.539,102.935,24.718,16.327
105,3.500,-3.256,36.467,94.484,18.638,4.494,76.625,117.625,-13.389,7.401
106,3.533,2.021,31.538,93.997,25.962,0.759,80.580,114.191,-4.978,6.639
107,3.567,0.142,22.961,89.685,19.586,4.617,79.733,118.103,-7.715,7.145
108,3.600,3.996,24.486,87.413,33.618,5.421,80.180,117.756,-5.414,10.590
109,3.633,3.155,23.118,89.576,26.521,5.980,82.805,118.045,-5.132,9.489
110,3.667,1.805,21.210,88.507,17.752,6.343,85.386,122.037,-5.871,9.809
111,3.700,2.870,21.875,86.844,16.981,8.416,84.918,124.301,-6.017,5.921
112,3.733,3.867,20.314,80.658,16.470,6.856,73.546,132.611,-1.522,8.717
113,3.767,1.307,16.646,81.604,5.469,7.280,75.408,134.186,-5.578,8.389
114,3.800,4.927,22.922,81.612,16.183,14.762,78.893,129.136,-2.531,7.592
115,3.833,4.378,15.726,70.578,5.300,14.795,41.163,73.459,-5.463,12.130
116,3.867,7.965,25.268,81.926,19.842,13.766,36.070,70.873,-3.288,6.839
117,3.900,15.840,35.178,86.618,42.382,11.472,45.469,80.453,6.740,6.902
118,3.933,15.048,34.301,76.068,43.190,10.233,36.815,70.379,7.586,9.636
119,3.967,8.079,33.941,76.925,17.181,8.781,43.694,83.230,-3.657,3.729
120,4.000,7.574,33.509,75.553,16.570,9.335,40.723,79.775,-2.499,7.566
121,4.033,0.783,21.817,62.993,9.161,12.969,24.509,65.430,-14.977,65.872
122,4.067,7.391,30.871,73.172,18.212,18.709,35.176,72.042,2.828,22.926
123,4.100,9.935,34.383,76.178,20.793,14.402,35.243,76.359,5.515,15.995
124,4.133,8.117,30.304,78.239,18.664,18.851,32.888,72.599,4.049,14.376
125,4.167,-2.861,19.643,82.909,8.696,8.070,52.976,104.279,-9.919,16.849
126,4.200,-2.112,19.720,95.260,-1.273,9.735,29.220,74.414,-8.111,20.304
127,4.233,1.657,22.461,89.072,7.192,11.733,25.542,65.535,-1.870,19.647
128,4.267,2.931,22.852,84.083,10.997,13.215,23.071,64.534,-3.215,15.942
129,4.300,2.580,22.640,82.966,12.215,17.698,24.121,57.599,-5.192,14.399
130,4.333,0.464,20.094,80.372,8.425,18.928,21.160,62.967,-6.902,14.503
131,4.367,-5.516,10.976,73.061,-1.852,157.019,12.948,59.364,-13.548,9.443
132,4.400,-5.033,7.986,66.733,-18.197,124.278,11.273,54.691,-26.581,99.422
133,4.433,-6.161,12.551,74.057,0.551,7.483,15.286,66.311,-19.992,9.699
134,4.467,-6.731,11.217,74.307,2.564,9.794,17.264,68.685,-19.134,5.002
135,4.500,-7.287,9.366,72.157,1.503,178.334,18.569,65.494,-20.020,2.247
136,4.533,-7.770,7.688,71.666,2.896,6.031,27.103,93.055,-16.199,4.483
137,4.567,-5.363,9.136,73.424,11.013,19.739,35.736,106.452,-12.610,6.583
138,4.600,-6.199,7.961,75.742,8.717,13.788,53.252,119.603,-12.700,15.251
139,4.633,-4.879,11.954,72.627,6.863,26.434,40.670,110.103,-10.683,33.817
140,4.667,-3.000,14.844,66.635,-7.032,12.960,41.375,101.245,-13.896,22.572
141,4.700,-8.637,6.740,2.368,-4.858,20.301,0.723,1.077,-4.027,9.088
142,4.733,-7.650,8.610,0.673,-9.240,20.499,6.240,6.040,-6.976,56.321
143,4.767,-7.243,8.797,0.407,-10.992,18.213,5.714,3.315,-7.326,37.434
144,4.800,0.217,7.679,7.881,6.505,33.882,5.460,8.627,13.537,29.984
145,4.833,-1.114,5.015,23.844,2.570,24.888,6.256,15.557,10.037,16.401
146,4.867,0.366,5.997,44.000,-2.791,14.434,7.441,38.203,-10.063,16.915
147,4.900,-5.162,5.996,44.964,-7.207,13.561,15.016,48.171,-18.658,8.825
148,4.933,-15.336,7.284,29.870,-40.730,2.075,17.897,51.049,-37.971,0.502
149,4.967,-6.155,5.787,16.129,-8.527,21.580,10.198,1.041,-7.909,10.290
150,5.000,-0.463,17.945,10.633,4.625,26.591,16.487,2.344,8.651,22.605
151,5.033,-0.025,15.016,21.302,4.669,31.263,17.207,4.336,8.411,20.731
152,5.067,2.468,-2.562,90.640,9.906,30.714,11.862,24.689,13.090,11.576
153,5.100,1.487,-1.687,12.576,8.643,55.889,10.150,14.488,10.537,7.425
154,5.133,8.070,20.113,45.472,18.913,14.913,17.521,41.861,-0.275,5.489
155,5.167,6.617,15.739,43.407,13.494,18.228,22.413,42.819,-1.863,16.764
156,5.200,-20.492,4.478,45.857,-35.386,14.768,14.463,42.896,-42.573,2.632
157,5.233,-8.825,16.066,63.642,-15.173,5.196,22.812,56.393,-30.182,1.833
158,5.267,-23.584,1.559,35.265,-43.214,31.983,10.356,48.516,-33.857,5.889
159,5.300,-13.603,6.982,59.052,-22.796,1.985,17.162,49.781,-36.861,3.461
160,5.333,-13.401,13.124,89.007,-15.533,10.338,20.162,60.810,-35.660,1.217
161,5.367,-7.355,4.430,57.716,-21.955,13.231,10.737,42.530,-29.646,10.350
162,5.400,-1.872,4.995,13.846,-12.880,11.032,-8.457,26.546,8.580,13.708
163,5.433,-13.971,13.040,57.577,-29.639,14.156,4.977,15.735,-20.374,4.336
164,5.467,-7.288,3.892,48.078,-21.423,14.981,-6.224,0.837,1.396,5.486
165,5.500,-8.614,10.435,41.272,-22.979,13.770,0.776,6.840,2.294,13.834
166,5.533,-10.256,9.159,37.111,-22.508,15.364,5.397,12.796,-1.058,12.120
167,5.567,-12.691,17.005,52.427,-21.152,5.701,18.083,56.975,-28.324,1.858
168,5.600,4.099,14.928,41.513,8.729,6.711,21.795,52.416,-6.333,8.445
169,5.633,1.549,14.209,42.497,2.524,10.506,18.077,55.895,-6.871,11.137
172,5.733,4.610,9.615,38.580,-11.922,149.583,-1.192,21.533,-23.610,90.275
174,5.800,10.158,19.788,42.599,-19.169,96.974,16.106,131.091,-13.809,110.063
175,5.833,4.044,18.369,60.381,-1.875,47.905,23.254,77.224,0.084,49.087
176,5.867,-1.110,14.963,62.864,-3.716,35.925,22.319,65.569,-7.830,42.855
177,5.900,-3.026,11.641,62.701,-2.358,34.446,22.677,66.781,-7.995,36.701
178,5.933,-2.717,11.496,60.515,-0.064,81.082,21.177,66.891,-9.572,11.752
179,5.967,-10.898,7.627,1.195,-20.069,15.266,5.768,3.921,-14.709,37.519
180,6.000,-5.495,11.086,90.664,-15.812,21.289,20.576,126.811,-9.617,1.499
181,6.033,-2.362,10.125,68.487,-8.531,20.141,20.842,73.192,-7.435,16.170
182,6.067,-6.033,12.882,71.191,-29.634,2.219,22.938,74.356,-18.326,9.847
183,6.100,-8.950,12.314,66.169,-26.402,19.180,22.486,81.785,-32.866,173.955
184,6.133,-0.600,7.752,25.191,3.709,19.068,5.696,22.014,6.146,39.602
185,6.167,3.791,9.183,8.900,16.203,33.015,5.595,0.271,10.238,48.450
186,6.200,-10.214,10.010,17.148,-16.273,23.498,6.995,14.463,-10.423,12.664
188,6.267,1.172,18.916,14.145,-1.686,50.211,32.994,1.208,-4.451,26.702
190,6.333,4.664,8.170,44.300,13.007,52.071,20.276,19.651,9.963,17.552
191,6.367,-2.129,9.572,25.042,-10.089,33.389,9.914,16.792,-14.443,15.544
192,6.400,-3.316,21.784,34.077,-1.182,2.048,22.822,65.139,-14.845,5.813
193,6.433,3.464,32.963,70.123,14.858,16.300,32.298,64.088,-14.652,2.046
194,6.467,6.840,47.027,90.610,24.693,17.867,44.223,87.470,-9.685,3.102
195,6.500,0.550,34.451,85.096,10.589,17.122,39.555,86.378,-16.938,12.211
196,6.533,1.965,34.640,86.783,18.804,3.005,59.305,100.328,-13.849,12.391
197,6.567,2.118,37.012,87.726,16.231,6.387,59.914,104.703,-12.645,6.989
198,6.600,-0.372,34.093,82.267,11.190,4.751,52.814,96.547,-16.781,1.495
199,6.633,-3.770,23.759,84.096,2.835,5.239,41.018,99.097,-21.110,1.031
200,6.667,-4.382,20.911,82.094,0.784,7.218,28.629,83.656,-21.458,0.721
201,6.700,-3.781,21.596,79.506,1.497,5.916,25.876,78.555,-20.397,1.080
202,6.733,-6.564,19.435,80.056,-0.025,8.992,24.831,82.872,-23.098,0.815
203,6.767,-5.950,23.566,84.245,2.804,4.256,33.965,87.557,-20.369,4.313
204,6.800,-5.141,24.070,83.747,3.921,4.033,35.754,86.144,-19.072,3.918
205,6.833,-5.379,20.763,72.149,4.506,6.233,31.301,88.009,-14.728,17.359
206,6.867,-5.872,20.148,70.601,1.606,11.540,23.936,74.021,-16.375,16.985
207,6.900,-10.495,13.896,59.872,-22.725,20.651,24.298,66.770,-24.673,23.647
208,6.933,-7.240,13.068,55.391,-26.128,22.450,27.723,67.860,-14.198,9.413
209,6.967,-3.116,4.133,4.405,-0.751,20.148,3.233,3.421,7.070,26.508
210,7.000,2.301,5.894,35.320,5.524,14.125,36.499,67.727,-13.063,34.265
211,7.033,2.519,9.061,42.081,2.307,4.743,43.531,77.230,-10.215,28.623
212,7.067,-11.993,9.837,4.370,-15.114,3.393,4.765,6.912,-26.822,23.047
213,7.100,6.189,9.751,44.527,4.422,9.525,48.503,84.330,-3.468,0.041
214,7.133,6.183,18.497,60.673,5.407,13.502,45.696,84.803,-0.984,4.976
215,7.167,6.061,22.857,71.357,5.301,15.760,44.547,87.205,0.419,5.544
216,7.200,-0.270,16.301,73.720,-2.162,13.518,35.214,81.380,-4.412,21.813
217,7.233,7.113,20.488,74.941,10.754,12.853,34.129,78.290,6.920,13.273
218,7.267,7.337,17.872,76.697,0.722,1.809,37.069,84.432,5.675,13.662
219,7.300,-16.413,-6.465,51.466,-26.475,18.567,-8.183,28.814,-16.369,18.025
220,7.333,9.102,20.779,73.961,0.579,6.631,36.045,75.374,2.870,4.826
221,7.367,5.094,6.630,5.707,8.940,59.392,11.335,13.689,-2.026,38.914
222,7.400,-8.134,-4.163,1.853,-10.130,54.474,-12.913,25.231,-6.492,29.733
223,7.433,-9.238,-1.999,1.161,-8.837,43.549,-11.082,10.456,-6.984,87.995
224,7.467,12.805,19.883,68.275,2.448,120.914,17.816,31.343,19.501,103.693
225,7.500,13.737,31.934,80.758,-2.084,83.875,42.285,56.060,3.835,6.089
226,7.533,12.957,37.759,87.232,6.638,6.014,43.809,61.580,-0.957,0.485
227,7.567,-24.791,3.103,8.062,-42.079,17.820,-5.793,6.918,-18.282,3.496
228,7.600,-15.867,6.815,49.111,-22.493,28.037,6.450,1.608,-4.981,24.644
229,7.633,-10.196,4.160,76.306,-11.801,27.628,13.867,64.267,8.676,32.118
230,7.667,1.740,12.024,118.977,8.304,39.074,19.317,39.522,15.344,23.754
231,7.700,7.012,28.502,102.654,3.169,6.943,45.075,72.663,-8.441,7.897
232,7.733,-4.001,23.411,95.067,-22.147,16.131,42.529,83.611,-22.384,3.593
233,7.767,-14.584,15.105,56.112,-35.367,8.672,24.223,60.438,-21.062,11.366
234,7.800,-8.918,24.428,88.711,-21.994,11.862,42.717,89.880,-21.143,3.996
235,7.833,-4.026,30.626,97.459,-7.509,11.091,50.217,93.944,-19.349,3.309
236,7.867,1.336,38.576,106.814,4.573,4.866,59.084,100.716,-14.710,4.158
237,7.900,2.938,43.998,110.025,6.004,3.422,53.641,95.865,-13.017,6.234
238,7.933,11.299,45.896,90.126,23.891,6.398,60.188,90.551,-1.056,2.988
239,7.967,5.192,37.628,84.643,13.697,6.496,42.190,89.901,-4.869,8.512
240,8.000,1.488,34.430,86.222,10.887,1.337,44.812,95.475,-9.157,5.142
241,8.033,-1.904,21.125,58.723,-1.333,0.797,31.561,73.028,-10.272,8.549
242,8.067,-1.843,10.695,19.578,0.358,16.647,20.947,42.384,11.697,101.392
243,8.100,-9.376,8.578,6.838,-15.970,18.195,6.899,26.596,4.158,100.632
244,8.133,-6.757,9.878,75.286,-21.425,29.662,17.602,93.987,-26.711,41.605
245,8.167,2.801,20.597,84.967,10.362,28.922,32.717,101.008,-8.950,9.242
246,8.200,5.210,21.248,79.996,18.819,14.568,52.049,115.296,-0.165,13.518
247,8.233,4.039,18.044,66.357,22.113,12.685,53.507,108.514,-0.988,22.731
248,8.267,9.116,21.419,69.055,21.083,16.383,56.242,94.281,7.246,16.397
249,8.300,9.039,18.776,75.315,25.805,13.777,66.112,109.885,6.681,13.917
250,8.333,-6.484,9.180,24.643,-8.152,20.601,-4.705,14.420,3.688,18.458
251,8.367,6.268,5.551,32.166,-5.070,1.099,36.541,72.184,4.653,2.040
252,8.400,-15.851,-2.072,9.733,-17.459,15.617,-17.237,24.997,-8.828,13.704
253,8.433,9.785,7.524,47.192,6.105,0.394,29.781,53.016,2.083,2.282
254,8.467,8.310,10.058,63.112,2.157,1.888,33.054,45.075,0.032,6.721
255,8.500,-11.403,0.399,38.742,-11.895,2.279,16.281,53.883,-27.462,14.380
256,8.533,-20.447,0.910,12.145,-18.340,27.147,-5.886,12.441,-13.889,19.056
257,8.567,-18.893,-0.786,5.087,-18.722,29.925,-1.395,55.647,-14.920,22.502
258,8.600,-5.831,3.385,46.795,1.406,33.659,-0.645,22.014,7.013,29.813
259,8.633,-13.306,6.967,17.890,-12.088,20.413,0.125,12.728,-3.552,34.013
260,8.667,11.880,12.803,61.878,12.107,1.532,31.268,46.078,2.962,12.086
261,8.700,15.303,30.164,78.230,22.432,11.808,40.363,61.126,5.025,10.109
262,8.733,12.056,31.292,76.251,13.812,10.008,40.507,62.139,-1.150,3.734
263,8.767,14.224,38.061,83.457,23.842,3.696,35.949,69.825,1.639,2.574
264,8.800,0.441,27.159,79.677,-7.258,0.224,33.405,82.185,-12.579,3.986
265,8.833,-0.461,24.623,87.934,-10.397,7.338,34.939,89.779,-14.391,3.331
266,8.867,3.542,32.418,78.517,1.500,11.147,41.493,77.132,-12.503,0.326
267,8.900,1.127,29.626,86.219,-3.475,6.039,45.369,85.482,-16.851,3.266
268,8.933,-13.127,19.445,84.581,-40.295,3.435,32.579,73.280,-23.603,2.549
269,8.967,13.911,38.941,78.183,15.846,4.825,39.322,57.415,1.784,5.392
270,9.000,13.813,14.249,11.580,15.228,17.535,15.587,35.197,1.666,10.586
271,9.033,-2.710,29.472,79.061,-0.350,22.021,39.713,57.624,-12.097,0.561
272,9.067,-5.218,24.888,94.802,-5.367,24.014,37.900,76.931,-18.008,0.160
273,9.100,2.602,34.423,98.282,1.335,13.005,45.549,87.536,-10.859,1.188
274,9.133,10.769,37.940,83.466,14.048,11.485,50.203,81.539,-2.742,4.110
275,9.167,10.175,33.225,80.138,15.180,13.459,44.633,75.839,-2.436,5.936
276,9.200,-6.778,17.567,64.089,-25.432,13.755,22.443,58.671,-17.269,6.897
277,9.233,-5.360,18.066,61.296,-20.629,17.361,22.847,59.774,-13.480,10.921
278,9.267,-0.892,19.945,57.812,-5.834,28.946,26.199,60.498,-9.842,17.195
279,9.300,1.630,18.750,65.637,0.974,30.078,24.303,62.103,-7.874,14.115
280,9.333,4.975,20.851,66.839,4.319,19.885,29.872,65.588,-6.632,11.730
281,9.367,13.260,23.370,64.891,19.732,12.223,37.046,68.525,3.377,11.452
282,9.400,-20.893,-3.260,16.069,-37.242,5.489,-5.725,1.994,-21.017,31.864
283,9.433,16.252,20.595,54.534,25.738,7.884,39.735,62.730,3.360,8.903
284,9.467,1.422,6.796,25.367,-4.103,32.625,16.432,3.910,-13.424,22.443
285,9.500,10.813,9.555,32.072,24.098,3.236,34.687,51.801,3.468,11.464
286,9.533,2.536,0.679,12.656,-0.187,21.563,17.682,32.777,-12.587,11.721
287,9.567,2.098,-0.076,1.461,-2.472,25.685,7.688,17.512,-13.168,14.438
288,9.600,0.583,4.736,5.472,7.927,60.307,-2.470,13.812,0.914,95.302
289,9.633,5.920,11.381,43.264,-8.137,3.502,35.926,79.313,2.718,8.977
290,9.667,9.843,15.510,46.130,4.680,3.464,41.890,84.089,4.422,8.774
291,9.700,-19.611,4.438,19.326,-34.011,9.764,8.419,29.305,-40.856,26.568
292,9.733,5.863,13.717,44.380,3.549,11.581,32.845,73.731,-4.245,6.352
293,9.767,-2.466,9.533,66.787,-12.172,18.693,30.471,92.294,-13.661,16.030
294,9.800,-5.371,7.120,69.525,-12.563,25.038,23.902,83.137,-16.497,23.627
295,9.833,4.540,18.472,86.756,8.299,25.411,37.560,91.998,-1.901,16.741
296,9.867,12.791,26.047,80.091,24.019,19.368,40.861,69.264,4.448,12.301
297,9.900,10.646,30.993,79.249,11.082,9.597,44.847,68.339,-4.317,6.032
298,9.933,12.374,32.357,77.078,13.219,14.041,38.840,55.190,-1.444,6.252
299,9.967,-2.916,21.206,74.180,-19.309,13.423,36.575,54.757,-21.915,1.311
300,10.000,-8.925,18.289,51.872,-27.575,1.597,25.033,46.478,-25.272,1.311
301,10.033,-5.979,19.544,64.805,-23.998,8.257,26.409,50.172,-20.890,5.345
302,10.067,-10.794,18.000,71.893,-26.716,12.108,21.811,52.964,-27.444,4.688
303,10.100,-8.898,-2.005,21.205,1.879,24.432,3.752,4.401,0.240,0.538
304,10.133,2.692,29.232,75.070,-3.219,6.148,20.841,47.483,-9.510,5.794
305,10.167,3.141,28.839,77.181,-0.096,8.040,30.568,60.468,-11.566,5.553
306,10.200,2.389,29.013,80.601,2.929,14.545,33.309,68.427,-8.008,11.270
307,10.233,-4.907,23.056,75.826,-6.474,12.907,27.807,67.872,-19.934,10.769
308,10.267,-7.668,20.285,76.378,-11.753,7.917,28.107,71.510,-24.393,0.720
309,10.300,-8.504,10.510,52.198,-22.864,10.310,26.595,70.116,-25.615,4.130
310,10.333,9.101,24.961,59.768,-149.269,34.669,68.375,99.278,-80.453,70.609
311,10.367,11.748,22.449,58.914,-135.029,54.259,91.472,118.885,-29.874,98.165
312,10.400,14.466,25.663,42.416,-136.124,64.962,68.376,92.189,-2.782,53.654
313,10.433,13.573,25.185,35.909,-146.227,58.415,59.778,84.545,-59.979,87.232
314,10.467,14.521,26.959,40.186,-154.943,55.627,39.824,57.738,-2.240,27.292
315,10.500,13.081,24.356,57.322,185.475,53.021,39.118,62.447,4.491,14.620
316,10.533,30.845,40.010,56.283,15.471,164.522,54.733,71.201,7.794,98.564
317,10.567,24.282,36.672,57.862,-150.495,6.342,76.177,98.493,-6.210,1.567
318,10.600,21.280,33.388,52.982,-148.785,50.776,60.593,87.781,7.350,17.143
319,10.633,15.909,22.889,44.903,-141.779,65.681,50.861,83.151,7.325,2.425
320,10.667,8.055,15.011,40.273,-161.959,98.763,44.447,74.887,-4.554,3.218
321,10.700,3.406,9.109,29.955,-153.402,117.433,29.705,70.656,-16.541,42.079
322,10.733,3.964,10.466,33.344,-155.107,75.285,32.187,71.684,-19.388,27.726
323,10.767,10.609,14.949,33.850,-146.831,39.398,30.886,65.025,-21.073,28.934
324,10.800,6.165,15.588,54.977,21.099,29.403,24.318,58.832,-6.747,30.953
325,10.833,3.070,17.549,60.830,12.520,27.727,30.706,66.988,-12.753,13.653
326,10.867,-11.144,9.307,23.757,-45.764,4.384,13.322,31.576,-15.973,5.924
327,10.900,-6.564,12.010,32.597,-6.528,18.280,-1.898,22.465,-22.440,7.161
328,10.933,-14.957,28.516,17.614,-19.953,29.816,21.599,20.995,-28.432,3.140
329,10.967,-43.502,1.672,14.675,-61.150,65.194,-2.403,26.984,-74.622,25.779
330,11.000,-28.188,5.096,11.026,-35.415,20.266,10.456,24.313,-66.646,104.510
332,11.067,-40.217,-24.129,17.915,-47.079,4.196,-12.539,2.321,-43.625,70.672
333,11.100,-25.092,-22.909,35.105,-20.767,16.355,-14.676,28.004,-41.642,52.303
334,11.133,-27.576,-7.554,5.079,84.294,46.400,-0.274,4.162,-97.376,163.422
335,11.167,-22.050,-15.761,17.815,123.293,10.546,-9.724,33.219,84.282,39.212
336,11.200,-19.231,-13.742,17.531,98.271,36.733,-7.640,18.482,45.865,63.594
338,11.267,14.263,33.557,37.603,9.480,20.722,38.944,41.355,-14.547,9.453
339,11.300,-5.630,19.806,59.494,-15.061,5.580,34.151,67.571,-57.688,65.051
340,11.333,-2.984,21.476,48.566,35.184,57.900,31.467,58.652,-49.384,49.926
341,11.367,-8.259,22.060,46.832,95.815,32.060,26.678,48.282,-100.282,85.450
342,11.400,5.129,18.005,20.072,-147.107,2.912,-4.023,10.724,137.673,50.030
343,11.433,-9.388,17.398,36.830,157.794,10.786,37.978,58.396,-137.006,53.513
344,11.467,-9.059,-11.388,31.270,154.570,10.751,25.201,43.151,-120.496,65.162
345,11.500,9.800,14.161,33.111,-159.304,30.024,53.426,64.219,-82.824,50.967
347,11.567,-11.773,-0.016,51.998,-19.633,21.035,38.710,78.724,-33.940,15.876
348,11.600,-16.443,7.302,57.030,-34.567,6.880,34.155,76.255,-37.872,14.232
349,11.633,-17.958,10.113,58.393,-33.114,15.078,27.981,67.797,-34.202,21.406
350,11.667,-17.150,8.326,59.431,-32.153,19.106,29.811,70.027,-33.518,23.205
351,11.700,-17.351,10.478,64.013,-32.223,10.073,28.887,71.958,-37.579,8.644
352,11.733,-16.757,14.495,73.298,-30.215,18.844,30.883,73.542,-37.007,19.064
353,11.767,-16.539,15.925,76.056,-31.002,17.670,31.981,76.936,-36.809,16.881
354,11.800,-16.304,19.871,94.446,-30.926,15.815,30.988,72.416,-39.388,17.721
355,11.833,-15.702,21.618,95.838,-28.824,17.113,32.483,76.470,-39.215,19.235
356,11.867,-15.227,20.740,96.609,-27.380,15.611,32.595,82.007,-37.583,23.519
357,11.900,-15.203,21.217,99.996,-27.910,13.674,33.726,83.894,-39.949,19.542
358,11.933,-14.570,19.215,96.306,-26.383,16.823,33.030,79.038,-38.900,20.587
359,11.967,-14.466,20.208,96.663,-26.882,14.670,33.689,80.204,-40.013,17.853
360,12.000,-14.687,18.803,96.819,-27.168,15.434,33.211,80.044,-42.153,14.227
361,12.033,-15.060,18.827,96.772,-26.020,14.720,31.602,81.244,-41.184,16.479
362,12.067,-14.904,20.589,104.777,-26.493,10.673,33.731,102.193,-44.522,7.628
363,12.100,-16.546,19.651,103.500,-31.390,6.129,30.854,87.752,-45.878,10.411
364,12.133,-16.946,20.337,103.737,-30.733,6.497,29.821,86.009,-44.947,13.452
365,12.167,-16.773,20.671,107.010,-30.344,4.663,29.634,88.048,-44.548,13.326
366,12.200,-17.029,20.610,107.344,-31.812,3.290,30.365,86.991,-45.444,10.434
367,12.233,-16.969,20.678,107.558,-30.820,2.841,30.541,86.832,-44.313,14.648
368,12.267,-17.492,18.839,105.013,-32.364,6.723,30.248,77.899,-45.423,12.656
369,12.300,-17.813,19.024,107.523,-32.709,5.559,29.674,81.070,-44.768,16.669
370,12.333,-18.093,19.063,106.937,-35.923,2.191,29.655,79.052,-48.186,4.721
371,12.367,-18.041,16.438,98.659,-36.795,0.030,29.263,75.025,-47.199,7.686
372,12.400,-17.887,15.592,97.012,-36.527,0.462,29.678,75.897,-46.830,9.041
373,12.433,-18.046,15.329,98.326,-35.413,2.023,28.702,73.642,-45.881,11.293
374,12.467,-17.944,15.670,99.757,-35.129,1.344,28.355,73.086,-45.488,12.160
375,12.500,-18.806,15.532,98.234,-39.808,4.524,27.179,70.030,-51.328,2.627
376,12.533,-18.774,15.448,97.853,-38.490,2.721,26.348,68.238,-49.422,0.671
377,12.567,-17.535,14.360,90.773,-35.512,2.497,26.738,70.282,-43.710,9.642
378,12.600,-18.191,12.169,79.826,-40.066,3.575,29.018,67.366,-48.184,2.330
379,12.633,-17.308,13.041,81.953,-32.964,3.551,27.959,73.228,-40.389,16.694
380,12.667,-17.564,13.180,87.059,-33.601,2.508,26.972,73.104,-41.222,13.708
381,12.700,-17.381,14.073,87.922,-31.357,7.420,27.947,75.362,-41.429,15.290
382,12.733,-16.990,13.030,87.987,-29.447,6.727,26.854,75.431,-41.634,12.064
383,12.767,-17.140,10.101,78.493,-36.142,2.616,31.660,70.708,-47.860,5.060
384,12.800,-17.211,13.933,82.375,-29.062,18.282,27.555,64.417,-40.547,14.067
385,12.833,-17.148,16.849,96.803,-29.615,12.673,26.275,64.434,-40.974,12.530
386,12.867,-16.952,17.501,95.321,-31.714,7.039,25.655,64.364,-40.774,10.942
387,12.900,-16.545,17.369,95.053,-29.769,8.643,26.011,65.583,-39.711,12.660
388,12.933,-16.634,16.678,95.934,-29.007,7.035,25.374,66.015,-39.020,13.385
389,12.967,-16.823,15.450,88.843,-30.101,8.196,24.714,62.669,-39.627,13.094
390,13.000,-16.480,14.520,87.220,-30.284,7.539,24.484,61.127,-40.500,7.422
391,13.033,-16.806,10.388,73.631,-32.419,7.547,24.727,59.540,-43.633,1.568
392,13.067,-16.125,12.275,78.480,-32.129,6.190,23.555,58.459,-44.281,1.807
393,13.100,-16.135,14.215,79.162,-35.337,0.753,23.455,57.762,-44.011,0.960
411,13.700,-5.491,23.179,58.580,-18.825,12.232,45.552,84.794,-26.240,32.178
414,13.800,-2.224,17.669,32.491,-96.946,142.343,39.885,78.220,-28.721,19.507
415,13.833,7.234,22.424,39.462,-54.241,52.588,80.813,93.594,-16.524,13.492
416,13.867,5.038,34.088,66.474,-98.655,83.991,65.998,84.155,-26.849,60.085
417,13.900,7.448,33.229,54.761,5.591,1.899,95.311,109.730,-5.498,13.636
418,13.933,3.026,24.620,76.254,1.964,18.444,45.148,81.807,-5.610,19.010
419,13.967,-0.655,11.072,37.616,0.905,27.404,27.791,54.891,-2.210,6.053
420,14.000,-0.285,22.069,83.563,-1.832,27.474,31.414,55.248,-5.520,0.413
421,14.033,-0.211,35.175,75.253,-1.981,22.369,32.464,55.133,-0.144,4.634
422,14.067,-0.980,27.383,63.427,-7.963,16.813,33.106,60.485,-7.060,10.391
423,14.100,-2.325,31.886,82.536,-12.468,18.228,33.805,64.343,-10.131,7.765
424,14.133,-2.070,27.733,81.643,-13.458,19.499,33.793,63.793,-10.575,7.460
425,14.167,-3.353,25.065,75.970,-19.371,12.306,30.637,61.264,-9.702,9.034
426,14.200,-1.191,22.225,80.758,-10.133,19.919,35.740,68.686,-7.626,17.321
427,14.233,-2.965,17.496,64.189,-13.898,22.418,32.123,65.921,-8.075,18.275
428,14.267,-3.639,18.673,64.138,-11.210,31.294,29.689,61.748,-5.665,22.894
429,14.300,-2.140,17.253,51.354,-8.804,35.362,23.992,51.085,2.107,20.063
430,14.333,-2.910,16.647,40.460,-12.156,35.745,20.106,47.129,-0.173,26.075
431,14.367,-2.252,14.800,35.248,-11.326,33.299,21.543,48.619,-0.789,23.955
432,14.400,-2.955,11.279,26.798,-11.774,26.037,20.598,47.550,4.471,22.519
433,14.433,-0.080,11.829,24.395,0.333,36.587,13.324,28.264,19.200,12.490
434,14.467,-4.633,9.870,39.389,-8.561,23.486,24.190,61.348,-9.716,12.345
435,14.500,-4.484,11.915,39.335,-8.516,19.288,25.261,58.902,-10.562,8.166
436,14.533,-2.285,12.619,34.963,-5.380,16.766,25.806,56.070,-2.797,7.944
438,14.600,-5.594,17.511,41.233,-4.078,7.786,29.868,46.138,-13.324,3.649
441,14.700,-7.340,19.033,41.500,-9.148,4.578,68.314,80.643,-25.158,39.728
442,14.733,-7.833,10.736,47.317,-15.260,28.491,83.432,107.981,-32.248,88.068
443,14.767,-2.733,17.391,46.881,-1.660,4.272,47.224,68.701,-27.911,73.835
444,14.800,1.706,22.901,45.939,2.066,12.749,31.423,60.006,-16.769,21.710
445,14.833,0.754,19.209,48.003,-1.442,12.231,33.144,62.349,-27.386,64.967
446,14.867,0.681,16.370,46.637,0.031,11.941,34.820,64.197,-35.538,75.980
447,14.900,1.656,14.763,42.219,2.975,11.119,36.919,66.592,-33.080,74.022
448,14.933,-3.666,18.146,35.216,1.551,38.502,30.956,58.765,7.410,19.881
449,14.967,-0.375,18.852,39.519,8.887,39.048,35.099,64.219,0.690,14.721
